"community","full_content","level","rank","title","rank_explanation","summary","findings","full_content_json","id"
"0","""# Contractor and Company Agreement Community

The community revolves around the contractual relationship between the Contractor and the Company. The Contractor provides various services and deliverables to the Company under a comprehensive agreement, which includes handling Confidential Information, managing intellectual property, and ensuring compliance with security and safety policies. The Company oversees the Contractor's work, conducts acceptance testing, and provides necessary materials and API endpoints for integration. Both parties have mutual obligations and responsibilities, including maintaining confidentiality and managing intellectual property rights.

## Comprehensive Contractual Agreement

The Contractor and the Company are engaged in a comprehensive contractual agreement where the Contractor provides various services and deliverables to the Company. The Company agrees to pay the Contractor for these services and has the right to terminate the Statement of Work if the deliverables are not accepted. Both parties have specific roles and responsibilities, including handling Confidential Information and enforcing the terms of the agreement. The Contractor performs services under the general direction of the Company but retains discretion over how the services are accomplished, and is not considered an agent or employee of the Company. The Company oversees and reviews the work performed by the Contractor, including requesting changes and conducting acceptance testing [Data: Relationships (6, 7, 19, 22, 25, 32, 35, 37, +more)].

## Intellectual Property Management

The agreement between the Contractor and the Company includes detailed provisions for managing intellectual property (IP). The Contractor retains its intellectual property rights even after the assignment of newly developed IP to the Company. The Company is granted a perpetual, irrevocable, worldwide, royalty-free, non-exclusive, sublicensable license to use the Contractor's IP and receives the assignment of Newly Developed IP. The Contractor must obtain the Company's prior written consent before incorporating third-party or its own IP into deliverables. This ensures that the Company has the necessary rights to use, modify, distribute, and otherwise exploit the Contractor's IP [Data: Entities (5, 6, 14, 16); Relationships (6, 13, 15, 28, 30)].

## Confidential Information Handling

Both the Contractor and the Company are responsible for protecting Confidential Information using at least a reasonable degree of care. The agreement includes specific terms and conditions for handling Confidential Information, and any breach of these terms can lead to liability for gross negligence, willful misconduct, or intentional breaches. This highlights the importance of maintaining confidentiality and ensuring that sensitive proprietary information is protected throughout the duration of the agreement [Data: Entities (5, 6, 26); Relationships (6, 22, 35)].

## Role of Sub-Contractors and Consultants

The Contractor may subcontract services to sub-contractors with prior written consent from the Company and is responsible for their acts and omissions. Sub-contractors are bound by internal agreements to ensure compliance with the Contractor's obligations to the Company. Additionally, the Contractor can engage individual consultants or contractors without prior consent from the Company, and they are considered personnel of the Contractor. This allows the Contractor to manage its workforce flexibly while ensuring that all parties adhere to the established contractual obligations [Data: Entities (5, 9, 10, 11); Relationships (6, 9, 10, 11)].

## Legal and Jurisdictional Framework

The agreement between the Contractor and the Company is governed by the laws of the State of California, excluding its choice of law rules. This legal framework provides the basis for interpreting and enforcing the terms of the agreement. Additionally, the agreement references the Bankruptcy Code and the Defend Trade Secrets Act of 2016, indicating the legal significance of these frameworks in shaping the rights and responsibilities of both parties, particularly concerning intellectual property and trade secrets [Data: Entities (5, 6, 17, 27, 29); Relationships (6, 16, 23, 24, 30, 36)].

## API Endpoints and Integration

The Company provides API endpoints for the Contractor to use in their Front End services. This allows the Contractor to integrate their services with the Company's backend systems while ensuring that the Contractor does not have access to the Back End code or AI/ML code. This separation of responsibilities helps maintain security and control over the Company's core systems while allowing the Contractor to deliver the required services effectively [Data: Entities (5, 6, 24); Relationships (6, 20, 33)].

## Termination and Acceptance Testing

The Company has the right to terminate the Statement of Work with prior written notice if the deliverables are not accepted after multiple attempts. The Contractor is responsible for correcting defects in the deliverables and resubmitting them for acceptance testing. This process ensures that the deliverables meet the required standards and specifications before they are accepted by the Company. The termination clause provides a mechanism for the Company to address any issues with the deliverables and maintain control over the quality of the services provided [Data: Entities (5, 6, 12); Relationships (6, 7, 25)].""",0,7.5,"Contractor and Company Agreement Community","""The impact severity rating is high due to the extensive and critical nature of the services and deliverables provided by the Contractor to the Company, which involve significant legal and operational responsibilities.""","""The community revolves around the contractual relationship between the Contractor and the Company. The Contractor provides various services and deliverables to the Company under a comprehensive agreement, which includes handling Confidential Information, managing intellectual property, and ensuring compliance with security and safety policies. The Company oversees the Contractor's work, conducts acceptance testing, and provides necessary materials and API endpoints for integration. Both parties have mutual obligations and responsibilities, including maintaining confidentiality and managing intellectual property rights.""","[{'explanation': 'The Contractor and the Company are engaged in a comprehensive contractual agreement where the Contractor provides various services and deliverables to the Company. The Company agrees to pay the Contractor for these services and has the right to terminate the Statement of Work if the deliverables are not accepted. Both parties have specific roles and responsibilities, including handling Confidential Information and enforcing the terms of the agreement. The Contractor performs services under the general direction of the Company but retains discretion over how the services are accomplished, and is not considered an agent or employee of the Company. The Company oversees and reviews the work performed by the Contractor, including requesting changes and conducting acceptance testing [Data: Relationships (6, 7, 19, 22, 25, 32, 35, 37, +more)].', 'summary': 'Comprehensive Contractual Agreement'}
 {'explanation': ""The agreement between the Contractor and the Company includes detailed provisions for managing intellectual property (IP). The Contractor retains its intellectual property rights even after the assignment of newly developed IP to the Company. The Company is granted a perpetual, irrevocable, worldwide, royalty-free, non-exclusive, sublicensable license to use the Contractor's IP and receives the assignment of Newly Developed IP. The Contractor must obtain the Company's prior written consent before incorporating third-party or its own IP into deliverables. This ensures that the Company has the necessary rights to use, modify, distribute, and otherwise exploit the Contractor's IP [Data: Entities (5, 6, 14, 16); Relationships (6, 13, 15, 28, 30)]."", 'summary': 'Intellectual Property Management'}
 {'explanation': 'Both the Contractor and the Company are responsible for protecting Confidential Information using at least a reasonable degree of care. The agreement includes specific terms and conditions for handling Confidential Information, and any breach of these terms can lead to liability for gross negligence, willful misconduct, or intentional breaches. This highlights the importance of maintaining confidentiality and ensuring that sensitive proprietary information is protected throughout the duration of the agreement [Data: Entities (5, 6, 26); Relationships (6, 22, 35)].', 'summary': 'Confidential Information Handling'}
 {'explanation': ""The Contractor may subcontract services to sub-contractors with prior written consent from the Company and is responsible for their acts and omissions. Sub-contractors are bound by internal agreements to ensure compliance with the Contractor's obligations to the Company. Additionally, the Contractor can engage individual consultants or contractors without prior consent from the Company, and they are considered personnel of the Contractor. This allows the Contractor to manage its workforce flexibly while ensuring that all parties adhere to the established contractual obligations [Data: Entities (5, 9, 10, 11); Relationships (6, 9, 10, 11)]."", 'summary': 'Role of Sub-Contractors and Consultants'}
 {'explanation': 'The agreement between the Contractor and the Company is governed by the laws of the State of California, excluding its choice of law rules. This legal framework provides the basis for interpreting and enforcing the terms of the agreement. Additionally, the agreement references the Bankruptcy Code and the Defend Trade Secrets Act of 2016, indicating the legal significance of these frameworks in shaping the rights and responsibilities of both parties, particularly concerning intellectual property and trade secrets [Data: Entities (5, 6, 17, 27, 29); Relationships (6, 16, 23, 24, 30, 36)].', 'summary': 'Legal and Jurisdictional Framework'}
 {'explanation': ""The Company provides API endpoints for the Contractor to use in their Front End services. This allows the Contractor to integrate their services with the Company's backend systems while ensuring that the Contractor does not have access to the Back End code or AI/ML code. This separation of responsibilities helps maintain security and control over the Company's core systems while allowing the Contractor to deliver the required services effectively [Data: Entities (5, 6, 24); Relationships (6, 20, 33)]."", 'summary': 'API Endpoints and Integration'}
 {'explanation': 'The Company has the right to terminate the Statement of Work with prior written notice if the deliverables are not accepted after multiple attempts. The Contractor is responsible for correcting defects in the deliverables and resubmitting them for acceptance testing. This process ensures that the deliverables meet the required standards and specifications before they are accepted by the Company. The termination clause provides a mechanism for the Company to address any issues with the deliverables and maintain control over the quality of the services provided [Data: Entities (5, 6, 12); Relationships (6, 7, 25)].', 'summary': 'Termination and Acceptance Testing'}]","""{
    title: Contractor and Company Agreement Community,
    summary: The community revolves around the contractual relationship between the Contractor and the Company. The Contractor provides various services and deliverables to the Company under a comprehensive agreement, which includes handling Confidential Information, managing intellectual property, and ensuring compliance with security and safety policies. The Company oversees the Contractor's work, conducts acceptance testing, and provides necessary materials and API endpoints for integration. Both parties have mutual obligations and responsibilities, including maintaining confidentiality and managing intellectual property rights.,
    rating: 7.5,
    rating_explanation: The impact severity rating is high due to the extensive and critical nature of the services and deliverables provided by the Contractor to the Company, which involve significant legal and operational responsibilities.,
    findings: [
        {
            summary: Comprehensive Contractual Agreement,
            explanation: The Contractor and the Company are engaged in a comprehensive contractual agreement where the Contractor provides various services and deliverables to the Company. The Company agrees to pay the Contractor for these services and has the right to terminate the Statement of Work if the deliverables are not accepted. Both parties have specific roles and responsibilities, including handling Confidential Information and enforcing the terms of the agreement. The Contractor performs services under the general direction of the Company but retains discretion over how the services are accomplished, and is not considered an agent or employee of the Company. The Company oversees and reviews the work performed by the Contractor, including requesting changes and conducting acceptance testing [Data: Relationships (6, 7, 19, 22, 25, 32, 35, 37, +more)].
        },
        {
            summary: Intellectual Property Management,
            explanation: The agreement between the Contractor and the Company includes detailed provisions for managing intellectual property (IP). The Contractor retains its intellectual property rights even after the assignment of newly developed IP to the Company. The Company is granted a perpetual, irrevocable, worldwide, royalty-free, non-exclusive, sublicensable license to use the Contractor's IP and receives the assignment of Newly Developed IP. The Contractor must obtain the Company's prior written consent before incorporating third-party or its own IP into deliverables. This ensures that the Company has the necessary rights to use, modify, distribute, and otherwise exploit the Contractor's IP [Data: Entities (5, 6, 14, 16); Relationships (6, 13, 15, 28, 30)].
        },
        {
            summary: Confidential Information Handling,
            explanation: Both the Contractor and the Company are responsible for protecting Confidential Information using at least a reasonable degree of care. The agreement includes specific terms and conditions for handling Confidential Information, and any breach of these terms can lead to liability for gross negligence, willful misconduct, or intentional breaches. This highlights the importance of maintaining confidentiality and ensuring that sensitive proprietary information is protected throughout the duration of the agreement [Data: Entities (5, 6, 26); Relationships (6, 22, 35)].
        },
        {
            summary: Role of Sub-Contractors and Consultants,
            explanation: The Contractor may subcontract services to sub-contractors with prior written consent from the Company and is responsible for their acts and omissions. Sub-contractors are bound by internal agreements to ensure compliance with the Contractor's obligations to the Company. Additionally, the Contractor can engage individual consultants or contractors without prior consent from the Company, and they are considered personnel of the Contractor. This allows the Contractor to manage its workforce flexibly while ensuring that all parties adhere to the established contractual obligations [Data: Entities (5, 9, 10, 11); Relationships (6, 9, 10, 11)].
        },
        {
            summary: Legal and Jurisdictional Framework,
            explanation: The agreement between the Contractor and the Company is governed by the laws of the State of California, excluding its choice of law rules. This legal framework provides the basis for interpreting and enforcing the terms of the agreement. Additionally, the agreement references the Bankruptcy Code and the Defend Trade Secrets Act of 2016, indicating the legal significance of these frameworks in shaping the rights and responsibilities of both parties, particularly concerning intellectual property and trade secrets [Data: Entities (5, 6, 17, 27, 29); Relationships (6, 16, 23, 24, 30, 36)].
        },
        {
            summary: API Endpoints and Integration,
            explanation: The Company provides API endpoints for the Contractor to use in their Front End services. This allows the Contractor to integrate their services with the Company's backend systems while ensuring that the Contractor does not have access to the Back End code or AI/ML code. This separation of responsibilities helps maintain security and control over the Company's core systems while allowing the Contractor to deliver the required services effectively [Data: Entities (5, 6, 24); Relationships (6, 20, 33)].
        },
        {
            summary: Termination and Acceptance Testing,
            explanation: The Company has the right to terminate the Statement of Work with prior written notice if the deliverables are not accepted after multiple attempts. The Contractor is responsible for correcting defects in the deliverables and resubmitting them for acceptance testing. This process ensures that the deliverables meet the required standards and specifications before they are accepted by the Company. The termination clause provides a mechanism for the Company to address any issues with the deliverables and maintain control over the quality of the services provided [Data: Entities (5, 6, 12); Relationships (6, 7, 25)].
        }
    ]
}""","9b522280-7f1e-4ec8-b822-4429788fbac8"
"1","""# Agreement and Statement of Work Community

The community revolves around the Agreement and the Statement of Work, which are key documents outlining the responsibilities and terms of service between a Company and a Contractor. The Agreement serves as the primary contract, while the Statement of Work details specific services and deliverables. The relationships between these entities ensure that both parties are aware of their obligations and the conditions governing their professional relationship.

## The Agreement as the primary contract

The Agreement is a binding and enforceable contract between the Company and the Contractor, outlining their respective responsibilities and warranties. It serves as the primary document detailing the terms and conditions under which services are rendered and can be terminated. This formal contract ensures that both parties are aware of their obligations and the conditions governing their professional relationship [Data: Entities (21); Relationships (19, 32, 38)].

## The Statement of Work details specific services

The Statement of Work is a document that outlines the specific services and deliverables to be provided by the Contractor to the Company. It specifies the details of these services, including the fees, and is signed by authorized representatives of both parties. The document references the overarching Agreement and may contain terms that could potentially supersede those in the Agreement if specifically identified [Data: Entities (7); Relationships (7, 25, 38)].

## Company's rights and responsibilities

The Company is a party to both the Agreement and the Statement of Work. The Company is bound by the terms and conditions specified in the Agreement and has the right to terminate the Statement of Work with prior written notice. Additionally, the Company may terminate the Statement of Work if the deliverables are not accepted after multiple attempts [Data: Relationships (25, 32)].

## Contractor's obligations

The Contractor is responsible for performing the services and delivering the deliverables as described in the Statement of Work. The Contractor must provide these services and deliverables as outlined, and is bound by the terms and conditions in the Agreement when performing services for the Company [Data: Relationships (7, 19)].

## Interrelationship between Agreement and Statement of Work

The Statement of Work is a part of the Agreement that details the specific services to be provided by the Contractor. The terms of the Agreement prevail over those in the Statement of Work unless the latter specifically identifies terms it is superseding. This hierarchical relationship ensures that the primary contract (Agreement) governs the overall terms while allowing for specific details to be outlined in the Statement of Work [Data: Relationships (38)].""",0,7.5,"Agreement and Statement of Work Community","The impact severity rating is high due to the binding nature of the Agreement and the potential for significant operational and legal consequences if terms are not met.","""The community revolves around the Agreement and the Statement of Work, which are key documents outlining the responsibilities and terms of service between a Company and a Contractor. The Agreement serves as the primary contract, while the Statement of Work details specific services and deliverables. The relationships between these entities ensure that both parties are aware of their obligations and the conditions governing their professional relationship.""","[{'explanation': 'The Agreement is a binding and enforceable contract between the Company and the Contractor, outlining their respective responsibilities and warranties. It serves as the primary document detailing the terms and conditions under which services are rendered and can be terminated. This formal contract ensures that both parties are aware of their obligations and the conditions governing their professional relationship [Data: Entities (21); Relationships (19, 32, 38)].', 'summary': 'The Agreement as the primary contract'}
 {'explanation': 'The Statement of Work is a document that outlines the specific services and deliverables to be provided by the Contractor to the Company. It specifies the details of these services, including the fees, and is signed by authorized representatives of both parties. The document references the overarching Agreement and may contain terms that could potentially supersede those in the Agreement if specifically identified [Data: Entities (7); Relationships (7, 25, 38)].', 'summary': 'The Statement of Work details specific services'}
 {'explanation': 'The Company is a party to both the Agreement and the Statement of Work. The Company is bound by the terms and conditions specified in the Agreement and has the right to terminate the Statement of Work with prior written notice. Additionally, the Company may terminate the Statement of Work if the deliverables are not accepted after multiple attempts [Data: Relationships (25, 32)].', 'summary': ""Company's rights and responsibilities""}
 {'explanation': 'The Contractor is responsible for performing the services and delivering the deliverables as described in the Statement of Work. The Contractor must provide these services and deliverables as outlined, and is bound by the terms and conditions in the Agreement when performing services for the Company [Data: Relationships (7, 19)].', 'summary': ""Contractor's obligations""}
 {'explanation': 'The Statement of Work is a part of the Agreement that details the specific services to be provided by the Contractor. The terms of the Agreement prevail over those in the Statement of Work unless the latter specifically identifies terms it is superseding. This hierarchical relationship ensures that the primary contract (Agreement) governs the overall terms while allowing for specific details to be outlined in the Statement of Work [Data: Relationships (38)].', 'summary': 'Interrelationship between Agreement and Statement of Work'}]","""{
    title: Agreement and Statement of Work Community,
    summary: The community revolves around the Agreement and the Statement of Work, which are key documents outlining the responsibilities and terms of service between a Company and a Contractor. The Agreement serves as the primary contract, while the Statement of Work details specific services and deliverables. The relationships between these entities ensure that both parties are aware of their obligations and the conditions governing their professional relationship.,
    rating: 7.5,
    rating_explanation: The impact severity rating is high due to the binding nature of the Agreement and the potential for significant operational and legal consequences if terms are not met.,
    findings: [
        {
            summary: The Agreement as the primary contract,
            explanation: The Agreement is a binding and enforceable contract between the Company and the Contractor, outlining their respective responsibilities and warranties. It serves as the primary document detailing the terms and conditions under which services are rendered and can be terminated. This formal contract ensures that both parties are aware of their obligations and the conditions governing their professional relationship [Data: Entities (21); Relationships (19, 32, 38)].
        },
        {
            summary: The Statement of Work details specific services,
            explanation: The Statement of Work is a document that outlines the specific services and deliverables to be provided by the Contractor to the Company. It specifies the details of these services, including the fees, and is signed by authorized representatives of both parties. The document references the overarching Agreement and may contain terms that could potentially supersede those in the Agreement if specifically identified [Data: Entities (7); Relationships (7, 25, 38)].
        },
        {
            summary: Company's rights and responsibilities,
            explanation: The Company is a party to both the Agreement and the Statement of Work. The Company is bound by the terms and conditions specified in the Agreement and has the right to terminate the Statement of Work with prior written notice. Additionally, the Company may terminate the Statement of Work if the deliverables are not accepted after multiple attempts [Data: Relationships (25, 32)].
        },
        {
            summary: Contractor's obligations,
            explanation: The Contractor is responsible for performing the services and delivering the deliverables as described in the Statement of Work. The Contractor must provide these services and deliverables as outlined, and is bound by the terms and conditions in the Agreement when performing services for the Company [Data: Relationships (7, 19)].
        },
        {
            summary: Interrelationship between Agreement and Statement of Work,
            explanation: The Statement of Work is a part of the Agreement that details the specific services to be provided by the Contractor. The terms of the Agreement prevail over those in the Statement of Work unless the latter specifically identifies terms it is superseding. This hierarchical relationship ensures that the primary contract (Agreement) governs the overall terms while allowing for specific details to be outlined in the Statement of Work [Data: Relationships (38)].
        }
    ]
}""","707e8c26-d025-497b-bda0-f854f2ddd3d1"
"2","""# Contractor's Front End Services and Back End Code

The community revolves around the Contractor's responsibilities, specifically focusing on Front End services. The Contractor is tasked with user interface and client-side development, while being explicitly restricted from accessing the Back End code. This separation of responsibilities is clearly defined in the Agreement.

## Contractor's responsibility for Front End services

The Contractor is responsible for providing Front End services as specified in the Agreement. These services are confined to the user interface and client-side development, ensuring that the Contractor's role is clearly defined and limited to specific tasks. This clear delineation of responsibilities helps in maintaining focus and efficiency in the development process [Data: Entities (22); Relationships (20)].

## Separation of Front End and Back End responsibilities

The Agreement explicitly states that the Contractor will not have access to the Back End code. This separation ensures that the Contractor's work on the Front End services does not interfere with or compromise the server-side code. Such a clear division of labor helps in maintaining security and integrity of the Back End systems, reducing the risk of unauthorized access or potential vulnerabilities [Data: Entities (23); Relationships (39)].""",0,3.5,"Contractor's Front End Services and Back End Code","""The impact severity rating is relatively low due to the clear separation of responsibilities, which minimizes potential risks.""","""The community revolves around the Contractor's responsibilities, specifically focusing on Front End services. The Contractor is tasked with user interface and client-side development, while being explicitly restricted from accessing the Back End code. This separation of responsibilities is clearly defined in the Agreement.""","[{'explanation': ""The Contractor is responsible for providing Front End services as specified in the Agreement. These services are confined to the user interface and client-side development, ensuring that the Contractor's role is clearly defined and limited to specific tasks. This clear delineation of responsibilities helps in maintaining focus and efficiency in the development process [Data: Entities (22); Relationships (20)]."", 'summary': ""Contractor's responsibility for Front End services""}
 {'explanation': ""The Agreement explicitly states that the Contractor will not have access to the Back End code. This separation ensures that the Contractor's work on the Front End services does not interfere with or compromise the server-side code. Such a clear division of labor helps in maintaining security and integrity of the Back End systems, reducing the risk of unauthorized access or potential vulnerabilities [Data: Entities (23); Relationships (39)]."", 'summary': 'Separation of Front End and Back End responsibilities'}]","""{
    title: Contractor's Front End Services and Back End Code,
    summary: The community revolves around the Contractor's responsibilities, specifically focusing on Front End services. The Contractor is tasked with user interface and client-side development, while being explicitly restricted from accessing the Back End code. This separation of responsibilities is clearly defined in the Agreement.,
    rating: 3.5,
    rating_explanation: The impact severity rating is relatively low due to the clear separation of responsibilities, which minimizes potential risks.,
    findings: [
        {
            summary: Contractor's responsibility for Front End services,
            explanation: The Contractor is responsible for providing Front End services as specified in the Agreement. These services are confined to the user interface and client-side development, ensuring that the Contractor's role is clearly defined and limited to specific tasks. This clear delineation of responsibilities helps in maintaining focus and efficiency in the development process [Data: Entities (22); Relationships (20)].
        },
        {
            summary: Separation of Front End and Back End responsibilities,
            explanation: The Agreement explicitly states that the Contractor will not have access to the Back End code. This separation ensures that the Contractor's work on the Front End services does not interfere with or compromise the server-side code. Such a clear division of labor helps in maintaining security and integrity of the Back End systems, reducing the risk of unauthorized access or potential vulnerabilities [Data: Entities (23); Relationships (39)].
        }
    ]
}""","347ff2d3-4b00-4690-a26f-ebf84e577a0c"
